,Trial-1,Trial-2,Trial-3,Trial-4,Trial-5
0,0.8075,0.8291666666666667,0.8058333333333333,0.8225,0.8175
1,0.7225,0.7525,0.7125,0.7333333333333333,0.7275
2,0.8425,0.8516666666666667,0.8558333333333333,0.8416666666666667,0.85
